{
  "Routes": [
    //For Authentication
    {
      "DownstreamPathTemplate": "/api/Account",
      "DownstreamScheme": "http",
      "DownstreamHostAndPorts": [
        {
          "Host": "authenticationapi",
          "Port": 80
        }
      ],
      "UpstreamPathTemplate": "/login",
      "UpstreamHttpMethod": [ "POST" ]
    },

    {
      "DownstreamPathTemplate": "/ServiceAForecast",
      "DownstreamScheme": "http",
      "DownstreamHostAndPorts": [
        {
          "Host": "servicea",
          "Port": 80
        }
      ],
      "UpstreamPathTemplate": "/Accuweather",
      "UpstreamHttpMethod": [ "GET" ]
    },

    {
      "DownstreamPathTemplate": "/ServiceBForecast",
      "DownstreamScheme": "http",
      "DownstreamHostAndPorts": [
        {
          "Host": "serviceb",
          "Port": 80
        }
      ],
      "UpstreamPathTemplate": "/Googleweather",
      "UpstreamHttpMethod": [ "GET" ]
    },
    {
      "DownstreamPathTemplate": "/ServiceCForecast",
      "DownstreamScheme": "http",
      "DownstreamHostAndPorts": [
        {
          "Host": "servicec",
          "Port": 80
        }
      ],
      "UpstreamPathTemplate": "/Bingweather",
      "UpstreamHttpMethod": [ "GET" ]
    },
    {
      "DownstreamPathTemplate": "/create",
      "DownstreamScheme": "http",
      "DownstreamHostAndPorts": [
        {
          "Host": "servicec",
          "Port": 80
        }
      ],
      "UpstreamPathTemplate": "/create",
      "UpstreamHttpMethod": [ "POST" ]
    }
  ],
  "GlobalConfiguration": { "BaseUrl": "http://localhost:80" }
}
